<?xml version="1.0" encoding="UTF-8"?>
<project-private xmlns="http://www.netbeans.org/ns/project-private/1">
    <editor-bookmarks xmlns="http://www.netbeans.org/ns/editor-bookmarks/2" lastBookmarkId="0"/>
    <open-files xmlns="http://www.netbeans.org/ns/projectui-open-files/2">
        <group>
            <file>file:/Users/sujithkaluva/INFO%205100/Kaluva_Sujith_002768094/INFO5100_Assignment2/src/UserInterface/CommunityPanel.java</file>
            <file>file:/Users/sujithkaluva/INFO%205100/Kaluva_Sujith_002768094/INFO5100_Assignment2/src/UserInterface/Home.java</file>
            <file>file:/Users/sujithkaluva/INFO%205100/Kaluva_Sujith_002768094/INFO5100_Assignment2/src/UserInterface/CreatePatientPanel.java</file>
            <file>file:/Users/sujithkaluva/INFO%205100/Kaluva_Sujith_002768094/INFO5100_Assignment2/src/UserInterface/PatientsDirectoryUI.java</file>
            <file>file:/Users/sujithkaluva/INFO%205100/Kaluva_Sujith_002768094/INFO5100_Assignment2/src/UserInterface/SysAdminWorkArea.java</file>
            <file>file:/Users/sujithkaluva/INFO%205100/Kaluva_Sujith_002768094/INFO5100_Assignment2/src/UserInterface/SysAdminDoctorsPanel.java</file>
            <file>file:/Users/sujithkaluva/INFO%205100/Kaluva_Sujith_002768094/INFO5100_Assignment2/src/Model/Doctor.java</file>
            <file>file:/Users/sujithkaluva/INFO%205100/Kaluva_Sujith_002768094/INFO5100_Assignment2/src/Data/Ecosystem.java</file>
            <file>file:/Users/sujithkaluva/INFO%205100/Kaluva_Sujith_002768094/INFO5100_Assignment2/src/Model/City.java</file>
            <file>file:/Users/sujithkaluva/INFO%205100/Kaluva_Sujith_002768094/INFO5100_Assignment2/src/UserInterface/CitiesPanel.java</file>
            <file>file:/Users/sujithkaluva/INFO%205100/Kaluva_Sujith_002768094/INFO5100_Assignment2/src/Model/Community.java</file>
        </group>
    </open-files>
</project-private>
